id;div_name;entered_by;entered_date;modify_by;modified_date
1;Avon AGP;90457;2024-01-09T01:06:55;23850;2024-01-08T19:46:06
2;orchestrate;13410;2024-01-08T07:32:46;54855;2024-01-08T16:52:56
3;Senior;53835;2024-01-08T10:48:28;70674;2024-01-08T17:10:15
4;granular;52429;2024-01-08T10:42:27;23980;2024-01-08T17:44:52
5;Tuna Oklahoma;62116;2024-01-09T03:14:00;97719;2024-01-08T13:55:53
6;Israeli Keyboard Borders;17761;2024-01-08T07:48:40;64938;2024-01-09T02:25:07
7;Concrete;48812;2024-01-08T05:42:13;30230;2024-01-08T17:26:11
8;strategize Illinois;26776;2024-01-09T04:10:45;48017;2024-01-08T11:16:00
9;orchestrate;23835;2024-01-09T02:28:25;97828;2024-01-08T17:05:18
10;Sports Wyoming Centers;3586;2024-01-08T05:17:13;95672;2024-01-08T10:44:31
