id;tt_title;entered_by;entered_date;modified_by;modified_date
1;Avon Concrete;19490;2024-01-08T18:11:13;52904;2024-01-09T03:04:53
2;Director Island;41204;2024-01-08T16:19:44;62548;2024-01-08T17:08:12
3;deliverables;27086;2024-01-09T02:48:57;69512;2024-01-08T21:14:18
4;bandwidth-monitored Cambridgeshire Grenada;8988;2024-01-09T02:32:37;57561;2024-01-08T10:53:16
5;firewall;41474;2024-01-08T18:52:28;94964;2024-01-09T03:53:54
6;Bike transmitting Spurs;18324;2024-01-08T17:30:13;66007;2024-01-09T02:19:50
7;invoice Liechtenstein;70588;2024-01-09T04:07:33;27851;2024-01-08T16:54:30
8;Bahrain productize;10969;2024-01-08T19:17:19;67385;2024-01-08T22:44:42
9;Hampshire Money;56565;2024-01-08T22:28:34;73373;2024-01-08T20:13:49
10;Team-oriented;84515;2024-01-09T04:23:40;51345;2024-01-08T20:18:44
